[
  {
    "model": "admin.logentry",
    "pk": 1,
    "fields": {
      "action_time": "2022-07-03T03:25:29.208Z",
      "user": 8,
      "content_type": 13,
      "object_id": "1",
      "object_repr": "123",
      "action_flag": 1,
      "change_message": "[{\"added\": {}}]"
    }
  },
  {
    "model": "admin.logentry",
    "pk": 2,
    "fields": {
      "action_time": "2022-07-05T15:00:28.385Z",
      "user": 8,
      "content_type": 14,
      "object_id": "13",
      "object_repr": "123sd",
      "action_flag": 1,
      "change_message": "[{\"added\": {}}]"
    }
  },
  {
    "model": "admin.logentry",
    "pk": 3,
    "fields": {
      "action_time": "2022-07-05T15:00:42.170Z",
      "user": 8,
      "content_type": 14,
      "object_id": "13",
      "object_repr": "15625600059",
      "action_flag": 2,
      "change_message": "[{\"changed\": {\"fields\": [\"User\"]}}]"
    }
  },
  {
    "model": "admin.logentry",
    "pk": 4,
    "fields": {
      "action_time": "2022-07-05T15:02:14.346Z",
      "user": 8,
      "content_type": 14,
      "object_id": "13",
      "object_repr": "胡歌a",
      "action_flag": 2,
      "change_message": "[{\"changed\": {\"fields\": [\"User\"]}}]"
    }
  },
  {
    "model": "auth.permission",
    "pk": 1,
    "fields": {
      "name": "Can add log entry",
      "content_type": 1,
      "codename": "add_logentry"
    }
  },
  {
    "model": "auth.permission",
    "pk": 2,
    "fields": {
      "name": "Can change log entry",
      "content_type": 1,
      "codename": "change_logentry"
    }
  },
  {
    "model": "auth.permission",
    "pk": 3,
    "fields": {
      "name": "Can delete log entry",
      "content_type": 1,
      "codename": "delete_logentry"
    }
  },
  {
    "model": "auth.permission",
    "pk": 4,
    "fields": {
      "name": "Can view log entry",
      "content_type": 1,
      "codename": "view_logentry"
    }
  },
  {
    "model": "auth.permission",
    "pk": 5,
    "fields": {
      "name": "Can add permission",
      "content_type": 2,
      "codename": "add_permission"
    }
  },
  {
    "model": "auth.permission",
    "pk": 6,
    "fields": {
      "name": "Can change permission",
      "content_type": 2,
      "codename": "change_permission"
    }
  },
  {
    "model": "auth.permission",
    "pk": 7,
    "fields": {
      "name": "Can delete permission",
      "content_type": 2,
      "codename": "delete_permission"
    }
  },
  {
    "model": "auth.permission",
    "pk": 8,
    "fields": {
      "name": "Can view permission",
      "content_type": 2,
      "codename": "view_permission"
    }
  },
  {
    "model": "auth.permission",
    "pk": 9,
    "fields": {
      "name": "Can add group",
      "content_type": 3,
      "codename": "add_group"
    }
  },
  {
    "model": "auth.permission",
    "pk": 10,
    "fields": {
      "name": "Can change group",
      "content_type": 3,
      "codename": "change_group"
    }
  },
  {
    "model": "auth.permission",
    "pk": 11,
    "fields": {
      "name": "Can delete group",
      "content_type": 3,
      "codename": "delete_group"
    }
  },
  {
    "model": "auth.permission",
    "pk": 12,
    "fields": {
      "name": "Can view group",
      "content_type": 3,
      "codename": "view_group"
    }
  },
  {
    "model": "auth.permission",
    "pk": 13,
    "fields": {
      "name": "Can add user",
      "content_type": 4,
      "codename": "add_user"
    }
  },
  {
    "model": "auth.permission",
    "pk": 14,
    "fields": {
      "name": "Can change user",
      "content_type": 4,
      "codename": "change_user"
    }
  },
  {
    "model": "auth.permission",
    "pk": 15,
    "fields": {
      "name": "Can delete user",
      "content_type": 4,
      "codename": "delete_user"
    }
  },
  {
    "model": "auth.permission",
    "pk": 16,
    "fields": {
      "name": "Can view user",
      "content_type": 4,
      "codename": "view_user"
    }
  },
  {
    "model": "auth.permission",
    "pk": 17,
    "fields": {
      "name": "Can add content type",
      "content_type": 5,
      "codename": "add_contenttype"
    }
  },
  {
    "model": "auth.permission",
    "pk": 18,
    "fields": {
      "name": "Can change content type",
      "content_type": 5,
      "codename": "change_contenttype"
    }
  },
  {
    "model": "auth.permission",
    "pk": 19,
    "fields": {
      "name": "Can delete content type",
      "content_type": 5,
      "codename": "delete_contenttype"
    }
  },
  {
    "model": "auth.permission",
    "pk": 20,
    "fields": {
      "name": "Can view content type",
      "content_type": 5,
      "codename": "view_contenttype"
    }
  },
  {
    "model": "auth.permission",
    "pk": 21,
    "fields": {
      "name": "Can add session",
      "content_type": 6,
      "codename": "add_session"
    }
  },
  {
    "model": "auth.permission",
    "pk": 22,
    "fields": {
      "name": "Can change session",
      "content_type": 6,
      "codename": "change_session"
    }
  },
  {
    "model": "auth.permission",
    "pk": 23,
    "fields": {
      "name": "Can delete session",
      "content_type": 6,
      "codename": "delete_session"
    }
  },
  {
    "model": "auth.permission",
    "pk": 24,
    "fields": {
      "name": "Can view session",
      "content_type": 6,
      "codename": "view_session"
    }
  },
  {
    "model": "auth.permission",
    "pk": 25,
    "fields": {
      "name": "Can add site",
      "content_type": 7,
      "codename": "add_site"
    }
  },
  {
    "model": "auth.permission",
    "pk": 26,
    "fields": {
      "name": "Can change site",
      "content_type": 7,
      "codename": "change_site"
    }
  },
  {
    "model": "auth.permission",
    "pk": 27,
    "fields": {
      "name": "Can delete site",
      "content_type": 7,
      "codename": "delete_site"
    }
  },
  {
    "model": "auth.permission",
    "pk": 28,
    "fields": {
      "name": "Can view site",
      "content_type": 7,
      "codename": "view_site"
    }
  },
  {
    "model": "auth.permission",
    "pk": 29,
    "fields": {
      "name": "Can add email address",
      "content_type": 8,
      "codename": "add_emailaddress"
    }
  },
  {
    "model": "auth.permission",
    "pk": 30,
    "fields": {
      "name": "Can change email address",
      "content_type": 8,
      "codename": "change_emailaddress"
    }
  },
  {
    "model": "auth.permission",
    "pk": 31,
    "fields": {
      "name": "Can delete email address",
      "content_type": 8,
      "codename": "delete_emailaddress"
    }
  },
  {
    "model": "auth.permission",
    "pk": 32,
    "fields": {
      "name": "Can view email address",
      "content_type": 8,
      "codename": "view_emailaddress"
    }
  },
  {
    "model": "auth.permission",
    "pk": 33,
    "fields": {
      "name": "Can add email confirmation",
      "content_type": 9,
      "codename": "add_emailconfirmation"
    }
  },
  {
    "model": "auth.permission",
    "pk": 34,
    "fields": {
      "name": "Can change email confirmation",
      "content_type": 9,
      "codename": "change_emailconfirmation"
    }
  },
  {
    "model": "auth.permission",
    "pk": 35,
    "fields": {
      "name": "Can delete email confirmation",
      "content_type": 9,
      "codename": "delete_emailconfirmation"
    }
  },
  {
    "model": "auth.permission",
    "pk": 36,
    "fields": {
      "name": "Can view email confirmation",
      "content_type": 9,
      "codename": "view_emailconfirmation"
    }
  },
  {
    "model": "auth.permission",
    "pk": 37,
    "fields": {
      "name": "Can add social account",
      "content_type": 10,
      "codename": "add_socialaccount"
    }
  },
  {
    "model": "auth.permission",
    "pk": 38,
    "fields": {
      "name": "Can change social account",
      "content_type": 10,
      "codename": "change_socialaccount"
    }
  },
  {
    "model": "auth.permission",
    "pk": 39,
    "fields": {
      "name": "Can delete social account",
      "content_type": 10,
      "codename": "delete_socialaccount"
    }
  },
  {
    "model": "auth.permission",
    "pk": 40,
    "fields": {
      "name": "Can view social account",
      "content_type": 10,
      "codename": "view_socialaccount"
    }
  },
  {
    "model": "auth.permission",
    "pk": 41,
    "fields": {
      "name": "Can add social application",
      "content_type": 11,
      "codename": "add_socialapp"
    }
  },
  {
    "model": "auth.permission",
    "pk": 42,
    "fields": {
      "name": "Can change social application",
      "content_type": 11,
      "codename": "change_socialapp"
    }
  },
  {
    "model": "auth.permission",
    "pk": 43,
    "fields": {
      "name": "Can delete social application",
      "content_type": 11,
      "codename": "delete_socialapp"
    }
  },
  {
    "model": "auth.permission",
    "pk": 44,
    "fields": {
      "name": "Can view social application",
      "content_type": 11,
      "codename": "view_socialapp"
    }
  },
  {
    "model": "auth.permission",
    "pk": 45,
    "fields": {
      "name": "Can add social application token",
      "content_type": 12,
      "codename": "add_socialtoken"
    }
  },
  {
    "model": "auth.permission",
    "pk": 46,
    "fields": {
      "name": "Can change social application token",
      "content_type": 12,
      "codename": "change_socialtoken"
    }
  },
  {
    "model": "auth.permission",
    "pk": 47,
    "fields": {
      "name": "Can delete social application token",
      "content_type": 12,
      "codename": "delete_socialtoken"
    }
  },
  {
    "model": "auth.permission",
    "pk": 48,
    "fields": {
      "name": "Can view social application token",
      "content_type": 12,
      "codename": "view_socialtoken"
    }
  },
  {
    "model": "auth.permission",
    "pk": 49,
    "fields": {
      "name": "Can add Pet Profile",
      "content_type": 13,
      "codename": "add_petprofile"
    }
  },
  {
    "model": "auth.permission",
    "pk": 50,
    "fields": {
      "name": "Can change Pet Profile",
      "content_type": 13,
      "codename": "change_petprofile"
    }
  },
  {
    "model": "auth.permission",
    "pk": 51,
    "fields": {
      "name": "Can delete Pet Profile",
      "content_type": 13,
      "codename": "delete_petprofile"
    }
  },
  {
    "model": "auth.permission",
    "pk": 52,
    "fields": {
      "name": "Can view Pet Profile",
      "content_type": 13,
      "codename": "view_petprofile"
    }
  },
  {
    "model": "auth.permission",
    "pk": 53,
    "fields": {
      "name": "Can add PetManager",
      "content_type": 14,
      "codename": "add_petmanager"
    }
  },
  {
    "model": "auth.permission",
    "pk": 54,
    "fields": {
      "name": "Can change PetManager",
      "content_type": 14,
      "codename": "change_petmanager"
    }
  },
  {
    "model": "auth.permission",
    "pk": 55,
    "fields": {
      "name": "Can delete PetManager",
      "content_type": 14,
      "codename": "delete_petmanager"
    }
  },
  {
    "model": "auth.permission",
    "pk": 56,
    "fields": {
      "name": "Can view PetManager",
      "content_type": 14,
      "codename": "view_petmanager"
    }
  },
  {
    "model": "auth.user",
    "pk": 1,
    "fields": {
      "password": "pbkdf2_sha256$260000$aCuewFDW77cQiCap7Eqt3u$seH17kUBYEVUNjLj0Y5ah4GybM/UFDcJJvavXHALyRQ=",
      "last_login": "2022-07-05T09:48:53.868Z",
      "is_superuser": false,
      "username": "123",
      "first_name": "",
      "last_name": "",
      "email": "buzhi985@qq.com",
      "is_staff": false,
      "is_active": true,
      "date_joined": "2022-07-02T13:57:40.231Z",
      "groups": [],
      "user_permissions": []
    }
  },
  {
    "model": "auth.user",
    "pk": 2,
    "fields": {
      "password": "pbkdf2_sha256$260000$6AakJpL9u45PwaypH0GPVP$Eom5+MbFflqD+PHHxnFhXDhJEErIxV8i1vV75seHZpA=",
      "last_login": null,
      "is_superuser": false,
      "username": "胡歌",
      "first_name": "",
      "last_name": "",
      "email": "qq1@qq.com",
      "is_staff": false,
      "is_active": true,
      "date_joined": "2022-07-03T02:02:00.237Z",
      "groups": [],
      "user_permissions": []
    }
  },
  {
    "model": "auth.user",
    "pk": 3,
    "fields": {
      "password": "pbkdf2_sha256$260000$aq65E6iK4KcJ2iMQePfThI$vPMUR04kKDqt2GILYn4NQyr90jqv+FKAW52MP0K4uuQ=",
      "last_login": null,
      "is_superuser": false,
      "username": "sss",
      "first_name": "",
      "last_name": "",
      "email": "aaa@qq.com",
      "is_staff": false,
      "is_active": true,
      "date_joined": "2022-07-03T03:06:57.872Z",
      "groups": [],
      "user_permissions": []
    }
  },
  {
    "model": "auth.user",
    "pk": 4,
    "fields": {
      "password": "pbkdf2_sha256$260000$b87eJ8IqNU31uZOt09tvxO$yFUr7XvRpDaY0vgpmkIYoscAwT6CFNhbQeWt9vBJlYI=",
      "last_login": null,
      "is_superuser": false,
      "username": "sssa",
      "first_name": "",
      "last_name": "",
      "email": "aaaa1@qq.com",
      "is_staff": false,
      "is_active": true,
      "date_joined": "2022-07-03T03:10:25.901Z",
      "groups": [],
      "user_permissions": []
    }
  },
  {
    "model": "auth.user",
    "pk": 5,
    "fields": {
      "password": "pbkdf2_sha256$260000$i1CzMvZFyfvTIWoeIFsTvx$1P4W/mJI3qb2IY1Doq+HtfAmkGQjYkIuwwhilHH+3y4=",
      "last_login": null,
      "is_superuser": false,
      "username": "15625600059",
      "first_name": "",
      "last_name": "",
      "email": "80371024@qq.com",
      "is_staff": false,
      "is_active": true,
      "date_joined": "2022-07-03T03:11:04.175Z",
      "groups": [],
      "user_permissions": []
    }
  },
  {
    "model": "auth.user",
    "pk": 6,
    "fields": {
      "password": "pbkdf2_sha256$260000$k9hITzfzXcGO6BjcrrhGY2$AOupNbmo9sesCRi0JCVWtr9awQUyXE/xiSv02Mex+A8=",
      "last_login": null,
      "is_superuser": false,
      "username": "123sd",
      "first_name": "",
      "last_name": "",
      "email": "qqaa1@qq.com",
      "is_staff": false,
      "is_active": true,
      "date_joined": "2022-07-03T03:11:57.120Z",
      "groups": [],
      "user_permissions": []
    }
  },
  {
    "model": "auth.user",
    "pk": 7,
    "fields": {
      "password": "pbkdf2_sha256$260000$aHA8k0EQj2N3s3IwOXs8zW$/65zpU0ePPOdr9W72o4j97g7+9Uu+sWoeAO+kIH/rY8=",
      "last_login": null,
      "is_superuser": false,
      "username": "ussjjs",
      "first_name": "",
      "last_name": "",
      "email": "akakaK@qq.com",
      "is_staff": false,
      "is_active": true,
      "date_joined": "2022-07-03T03:19:05.031Z",
      "groups": [],
      "user_permissions": []
    }
  },
  {
    "model": "auth.user",
    "pk": 8,
    "fields": {
      "password": "pbkdf2_sha256$260000$UZHRMv7zkda7uP12qTeGI5$VmgJUgwHnZUG7LHa+Gz1ZkU5VlPebnz72CjIBB3/H8E=",
      "last_login": "2022-07-05T14:58:38.474Z",
      "is_superuser": true,
      "username": "admin",
      "first_name": "",
      "last_name": "",
      "email": "admin@qq.com",
      "is_staff": true,
      "is_active": true,
      "date_joined": "2022-07-03T03:22:23.494Z",
      "groups": [],
      "user_permissions": []
    }
  },
  {
    "model": "auth.user",
    "pk": 9,
    "fields": {
      "password": "pbkdf2_sha256$260000$GckXfwE5peKq2M8o8Fdere$X4lcP1IP0qC7o47TDy4SqRsVPjZN0b6PRkz8rShAx54=",
      "last_login": null,
      "is_superuser": false,
      "username": "asoajfkla",
      "first_name": "",
      "last_name": "",
      "email": "aaaaaaaaaaa@qq.com",
      "is_staff": false,
      "is_active": true,
      "date_joined": "2022-07-03T03:26:19.051Z",
      "groups": [],
      "user_permissions": []
    }
  },
  {
    "model": "auth.user",
    "pk": 10,
    "fields": {
      "password": "pbkdf2_sha256$320000$eHbVTti9BBpbZlXvW8t9Pa$xvBwygrZW5R0gJ++UbswIllxNNlMSLFvEdayMJQppww=",
      "last_login": null,
      "is_superuser": false,
      "username": "sssdvsza",
      "first_name": "",
      "last_name": "",
      "email": "aaaadd@qq.com",
      "is_staff": false,
      "is_active": true,
      "date_joined": "2022-07-03T03:35:52.389Z",
      "groups": [],
      "user_permissions": []
    }
  },
  {
    "model": "auth.user",
    "pk": 11,
    "fields": {
      "password": "pbkdf2_sha256$320000$dS4swUsEyypICB47rRxPbn$6Jos1wWPDqVBhTkO/0XKqSiRz1IBiAW/us7F44gvJbk=",
      "last_login": null,
      "is_superuser": false,
      "username": "sskllnc",
      "first_name": "",
      "last_name": "",
      "email": "aassdkdk@qq.com",
      "is_staff": false,
      "is_active": true,
      "date_joined": "2022-07-03T03:38:27.890Z",
      "groups": [],
      "user_permissions": []
    }
  },
  {
    "model": "auth.user",
    "pk": 12,
    "fields": {
      "password": "pbkdf2_sha256$320000$7ruNS1DzCw6ijS1DpcDiga$aaoOeVzCXHRqXO2s2W8dPuplu+yxUK3MKE0Fwek9Dts=",
      "last_login": null,
      "is_superuser": false,
      "username": "胡歌aas",
      "first_name": "",
      "last_name": "",
      "email": "uhl06394@yuoia.com",
      "is_staff": false,
      "is_active": true,
      "date_joined": "2022-07-03T03:45:08.185Z",
      "groups": [],
      "user_permissions": []
    }
  },
  {
    "model": "auth.user",
    "pk": 13,
    "fields": {
      "password": "pbkdf2_sha256$320000$YeCgCb3msJfX7pQPH43VI8$U/JtEOX5QIV8Hgie6mPEpGplaQ2Umbpwh/hhQCY8PJI=",
      "last_login": null,
      "is_superuser": false,
      "username": "胡歌a",
      "first_name": "",
      "last_name": "",
      "email": "fcz35368@yuoia.com",
      "is_staff": false,
      "is_active": true,
      "date_joined": "2022-07-03T03:48:17.411Z",
      "groups": [],
      "user_permissions": []
    }
  },
  {
    "model": "auth.user",
    "pk": 14,
    "fields": {
      "password": "pbkdf2_sha256$320000$Wni5QEUVjptJD8aflngLPT$bQXraBVgplDMmp1BC0Ga4PHukd9rk3/IJ9odjizfY9M=",
      "last_login": "2022-07-03T03:51:10.218Z",
      "is_superuser": false,
      "username": "刘德华",
      "first_name": "",
      "last_name": "",
      "email": "aaadff@qq.com",
      "is_staff": false,
      "is_active": true,
      "date_joined": "2022-07-03T03:51:10.054Z",
      "groups": [],
      "user_permissions": []
    }
  },
  {
    "model": "auth.user",
    "pk": 15,
    "fields": {
      "password": "pbkdf2_sha256$320000$QF1ytBj4ceQpHtWRkhFpA8$AlxvVtj9fRslajXK6Jwq4RUkyY+tUXGBv5U3O+DzIFQ=",
      "last_login": "2022-07-03T04:03:30.003Z",
      "is_superuser": false,
      "username": "qazwsx",
      "first_name": "",
      "last_name": "",
      "email": "qqas@qq.com",
      "is_staff": false,
      "is_active": true,
      "date_joined": "2022-07-03T04:03:29.843Z",
      "groups": [],
      "user_permissions": []
    }
  },
  {
    "model": "auth.user",
    "pk": 16,
    "fields": {
      "password": "pbkdf2_sha256$320000$31DoHqGrE02oLaBPlWCE2t$N/z7bS17iPlYtYdJCaNkNUHcb12TA8T1+fI9zZmij9s=",
      "last_login": "2022-07-03T04:07:24.217Z",
      "is_superuser": false,
      "username": "acas",
      "first_name": "",
      "last_name": "",
      "email": "buzhi985@qq.comaa",
      "is_staff": false,
      "is_active": true,
      "date_joined": "2022-07-03T04:07:24.052Z",
      "groups": [],
      "user_permissions": []
    }
  },
  {
    "model": "auth.user",
    "pk": 18,
    "fields": {
      "password": "pbkdf2_sha256$260000$i1jbkeGURVbiKSNfKZZgBl$h/LRMflcivSz1k5B5b+Igi38EUjHfAwAqy6cEW7hrNA=",
      "last_login": "2022-07-03T07:08:49.934Z",
      "is_superuser": false,
      "username": "huge",
      "first_name": "",
      "last_name": "",
      "email": "msp17379@yuoia.com",
      "is_staff": false,
      "is_active": true,
      "date_joined": "2022-07-03T07:08:49.779Z",
      "groups": [],
      "user_permissions": []
    }
  },
  {
    "model": "auth.user",
    "pk": 19,
    "fields": {
      "password": "pbkdf2_sha256$260000$RKScBBrwd7mIEP7N68imwj$diOZxKJqP8B58chwovc07WHhcZUquWxHR7E6dgPH60I=",
      "last_login": "2022-07-04T10:07:10.144Z",
      "is_superuser": false,
      "username": "acbd",
      "first_name": "",
      "last_name": "",
      "email": "80371024@qq.coma",
      "is_staff": false,
      "is_active": true,
      "date_joined": "2022-07-04T10:07:10.012Z",
      "groups": [],
      "user_permissions": []
    }
  },
  {
    "model": "auth.user",
    "pk": 20,
    "fields": {
      "password": "pbkdf2_sha256$260000$53GaVR2oMkgrSjz4YM2cCa$54CvJdeBY8nEpLXOZQZwFfOlLcyGoY7omCz8nnVWSV0=",
      "last_login": "2022-07-04T12:49:26.779Z",
      "is_superuser": false,
      "username": "aaas",
      "first_name": "",
      "last_name": "",
      "email": "buzhi985@qq.com11",
      "is_staff": false,
      "is_active": true,
      "date_joined": "2022-07-04T12:49:26.632Z",
      "groups": [],
      "user_permissions": []
    }
  },
  {
    "model": "auth.user",
    "pk": 21,
    "fields": {
      "password": "pbkdf2_sha256$260000$GSedbWNL3aTZfgHzWZ4ef8$UFaKLs8kHY7L+QmXIod/KpEOXnHtugQ7sUBhh6FKiRA=",
      "last_login": "2022-07-05T04:33:08.068Z",
      "is_superuser": false,
      "username": "胡歌aa",
      "first_name": "",
      "last_name": "",
      "email": "b123@qq.com",
      "is_staff": false,
      "is_active": true,
      "date_joined": "2022-07-05T04:33:07.920Z",
      "groups": [],
      "user_permissions": []
    }
  },
  {
    "model": "auth.user",
    "pk": 22,
    "fields": {
      "password": "pbkdf2_sha256$260000$a656keXhRd3rWPCZJlErHl$3Q7vGNgMbynrGvLDmvekNpcVXw4M0l6OfddOzzfbw9A=",
      "last_login": null,
      "is_superuser": false,
      "username": "qweas123",
      "first_name": "",
      "last_name": "",
      "email": "buzhi98qqqqqq5@qq.com",
      "is_staff": false,
      "is_active": true,
      "date_joined": "2022-07-05T04:39:59.476Z",
      "groups": [],
      "user_permissions": []
    }
  },
  {
    "model": "auth.user",
    "pk": 23,
    "fields": {
      "password": "pbkdf2_sha256$260000$a8ThCKKPLKgNCs7KjNedbZ$EF5RLJjJ2EYUDDI0RxPGicVf5U5gavh7tvu2lhX/x1c=",
      "last_login": "2022-07-05T04:45:15.876Z",
      "is_superuser": false,
      "username": "qweas12",
      "first_name": "",
      "last_name": "",
      "email": "buzhi98qqqqq@qq.com",
      "is_staff": false,
      "is_active": true,
      "date_joined": "2022-07-05T04:45:15.734Z",
      "groups": [],
      "user_permissions": []
    }
  },
  {
    "model": "auth.user",
    "pk": 24,
    "fields": {
      "password": "pbkdf2_sha256$260000$rWOmtL9FZr4KVoVVQSbArT$cxHUlRZ8kkwh47cBrm14qfceQHOOaKp5Ktcgv+ILczM=",
      "last_login": "2022-07-05T04:47:41.119Z",
      "is_superuser": false,
      "username": "aaad@qq.com",
      "first_name": "",
      "last_name": "",
      "email": "aaad@qq.com",
      "is_staff": false,
      "is_active": true,
      "date_joined": "2022-07-05T04:47:40.983Z",
      "groups": [],
      "user_permissions": []
    }
  },
  {
    "model": "auth.user",
    "pk": 25,
    "fields": {
      "password": "pbkdf2_sha256$260000$BT6wlTLW0IeWNe547nQQTd$f6o5w+yipnCi2Mjk2g8jKG2qww1vPR/TL9Kc8bNHl2Q=",
      "last_login": "2022-07-05T04:49:36.653Z",
      "is_superuser": false,
      "username": "1",
      "first_name": "",
      "last_name": "",
      "email": "1@qq.com",
      "is_staff": false,
      "is_active": true,
      "date_joined": "2022-07-05T04:49:36.509Z",
      "groups": [],
      "user_permissions": []
    }
  },
  {
    "model": "auth.user",
    "pk": 26,
    "fields": {
      "password": "pbkdf2_sha256$260000$CRB20zJY1zhyj5TTGb6yQ7$hOp4PCI6cSjJtVaUXafpwQwwmPKyMbV0O3KKMYgzTrM=",
      "last_login": "2022-07-05T04:51:59.407Z",
      "is_superuser": false,
      "username": "2",
      "first_name": "",
      "last_name": "",
      "email": "2@qq.com",
      "is_staff": false,
      "is_active": true,
      "date_joined": "2022-07-05T04:51:59.255Z",
      "groups": [],
      "user_permissions": []
    }
  },
  {
    "model": "auth.user",
    "pk": 27,
    "fields": {
      "password": "pbkdf2_sha256$260000$wqLq0XWyZB7Qbgpb8enQkm$TsTEm5o481lwhRm2esaci3KaR/05hkbdIa5epnFsdHE=",
      "last_login": "2022-07-05T05:23:16.034Z",
      "is_superuser": false,
      "username": "3",
      "first_name": "",
      "last_name": "",
      "email": "3@qq.com",
      "is_staff": false,
      "is_active": true,
      "date_joined": "2022-07-05T05:23:15.867Z",
      "groups": [],
      "user_permissions": []
    }
  },
  {
    "model": "auth.user",
    "pk": 28,
    "fields": {
      "password": "pbkdf2_sha256$260000$H5S5CSEzlL8HwLxDxm3VQ2$TU1KYAHtv3R+TWzc3J08ZldGn+RKsuUWg2ni6JFn78o=",
      "last_login": null,
      "is_superuser": false,
      "username": "4",
      "first_name": "",
      "last_name": "",
      "email": "4@qq.com",
      "is_staff": false,
      "is_active": true,
      "date_joined": "2022-07-05T05:25:43.706Z",
      "groups": [],
      "user_permissions": []
    }
  },
  {
    "model": "auth.user",
    "pk": 29,
    "fields": {
      "password": "pbkdf2_sha256$260000$EDyXY45d2UVcKgbpnNX0kd$ErFGdjLJoS1drbnjg5L/E++NWdAQGdOeCw6KsYZcK/s=",
      "last_login": null,
      "is_superuser": false,
      "username": "5",
      "first_name": "",
      "last_name": "",
      "email": "5@qq.com",
      "is_staff": false,
      "is_active": true,
      "date_joined": "2022-07-05T05:27:10.934Z",
      "groups": [],
      "user_permissions": []
    }
  },
  {
    "model": "auth.user",
    "pk": 30,
    "fields": {
      "password": "pbkdf2_sha256$260000$ZlSCiinvXrUrTDhPszd1Pf$0Vyk78AUOP9sorlpg+m4+lRYcna8gHI37HDuzGNLQ8I=",
      "last_login": null,
      "is_superuser": false,
      "username": "6",
      "first_name": "",
      "last_name": "",
      "email": "6@qq.com",
      "is_staff": false,
      "is_active": true,
      "date_joined": "2022-07-05T05:33:14.791Z",
      "groups": [],
      "user_permissions": []
    }
  },
  {
    "model": "auth.user",
    "pk": 31,
    "fields": {
      "password": "pbkdf2_sha256$260000$7Kj111aDv8OxU30LOmwriV$ZPA5fdLnyEj9gg1fFDSP02Nkqd2Jg7OIr2RKBlfn0Ak=",
      "last_login": "2022-07-05T05:34:02.033Z",
      "is_superuser": false,
      "username": "7",
      "first_name": "",
      "last_name": "",
      "email": "7@qq.com",
      "is_staff": false,
      "is_active": true,
      "date_joined": "2022-07-05T05:34:01.889Z",
      "groups": [],
      "user_permissions": []
    }
  },
  {
    "model": "auth.user",
    "pk": 32,
    "fields": {
      "password": "pbkdf2_sha256$260000$DNZw306RwS2BXAQtAd3b48$85cepW9pSRXdfBOVvc3xrHkOjCpLzzBon7fFRrYP1q0=",
      "last_login": "2022-07-05T07:30:05.879Z",
      "is_superuser": false,
      "username": "8",
      "first_name": "",
      "last_name": "",
      "email": "8@qq.com",
      "is_staff": false,
      "is_active": true,
      "date_joined": "2022-07-05T07:30:05.749Z",
      "groups": [],
      "user_permissions": []
    }
  },
  {
    "model": "contenttypes.contenttype",
    "pk": 1,
    "fields": {
      "app_label": "admin",
      "model": "logentry"
    }
  },
  {
    "model": "contenttypes.contenttype",
    "pk": 2,
    "fields": {
      "app_label": "auth",
      "model": "permission"
    }
  },
  {
    "model": "contenttypes.contenttype",
    "pk": 3,
    "fields": {
      "app_label": "auth",
      "model": "group"
    }
  },
  {
    "model": "contenttypes.contenttype",
    "pk": 4,
    "fields": {
      "app_label": "auth",
      "model": "user"
    }
  },
  {
    "model": "contenttypes.contenttype",
    "pk": 5,
    "fields": {
      "app_label": "contenttypes",
      "model": "contenttype"
    }
  },
  {
    "model": "contenttypes.contenttype",
    "pk": 6,
    "fields": {
      "app_label": "sessions",
      "model": "session"
    }
  },
  {
    "model": "contenttypes.contenttype",
    "pk": 7,
    "fields": {
      "app_label": "sites",
      "model": "site"
    }
  },
  {
    "model": "contenttypes.contenttype",
    "pk": 8,
    "fields": {
      "app_label": "account",
      "model": "emailaddress"
    }
  },
  {
    "model": "contenttypes.contenttype",
    "pk": 9,
    "fields": {
      "app_label": "account",
      "model": "emailconfirmation"
    }
  },
  {
    "model": "contenttypes.contenttype",
    "pk": 10,
    "fields": {
      "app_label": "socialaccount",
      "model": "socialaccount"
    }
  },
  {
    "model": "contenttypes.contenttype",
    "pk": 11,
    "fields": {
      "app_label": "socialaccount",
      "model": "socialapp"
    }
  },
  {
    "model": "contenttypes.contenttype",
    "pk": 12,
    "fields": {
      "app_label": "socialaccount",
      "model": "socialtoken"
    }
  },
  {
    "model": "contenttypes.contenttype",
    "pk": 13,
    "fields": {
      "app_label": "PetProfile",
      "model": "petprofile"
    }
  },
  {
    "model": "contenttypes.contenttype",
    "pk": 14,
    "fields": {
      "app_label": "PetProfile",
      "model": "petmanager"
    }
  },
  {
    "model": "sessions.session",
    "pk": "q0foijo6dmymg7guc61r58a92erj715d",
    "fields": {
      "session_data": ".eJxVTksOgyAQvQvrxoAUEXf1ImRmHCKpwUYwadP07lXjol2-_3sLD2sZ_Zp58XEQnVDi8ssh0J3TLsA07XQFRPOaSnV4TjlXtw1xKpGgxDn1Z-qvaoQ8bj08gAXdOn1FtC2axhoNGIIkq5whUDVpHYKt2TmpFRGGwTaEtVLStOb4lznnbcbz8xGXl-jk5wvQrEOt:1o7doK:qrfFpnirxEOV48hXyTogLt1sWweXnszpavrwmD2L93A",
      "expire_date": "2022-07-16T14:09:24.092Z"
    }
  },
  {
    "model": "sessions.session",
    "pk": "swefh38eqtaotljqp1fm44islqxucd7g",
    "fields": {
      "session_data": ".eJxVjU0OgyAQhe_CujEOAoq7ehEyjGMkNdgIJG2a3r3auGiX7-97L-Gw5NmVxJsLo-gFiMuv55FuHI8Al-WwKyRaS8zVt3PGqbruimMOhDmscThXf6gZ07xzDHV1R1iDNNpLAK0I5aQJRtlaz-CNtiOAASUb2yhsJg-tQWOVpxYsH9DEKe03jh_3sD1FX78_iPlCsA:1o7r1g:KyFN1AxgtTAcLcGTMaRkcyEZ7_qgC8y5mHFb9al81yg",
      "expire_date": "2022-07-17T04:16:04.432Z"
    }
  },
  {
    "model": "sessions.session",
    "pk": "ytfzmz6krg1equ2t6l9llag1d25pnvdr",
    "fields": {
      "session_data": ".eJxVjs0OgjAQhN-lZyX9obT16N1naLa7W0EMGIoxanx3IeHCdb75JvMV8QGlvMaJ4sSF59jzW5xE8uajP0cNSOBCVrUB7Tw1zmKw4MhqHbIx4iAiPOc2PgtPsaPF9PssAfY8rIBuMFzHCsdhnrpUrZVqo6W6jMT389bdDbRQ2sXOSjFq67NBwypoWRv0DN5KdqqmhApYhszsmhQSAkj2y0NtpcxE4MXvD-dQTGQ:1o8k0c:Ik59rk7jvDNn9-vfC3NeNGuVcHHSYbEBLxEIFykq08k",
      "expire_date": "2022-07-19T14:58:38.480Z"
    }
  },
  {
    "model": "PetProfile.petprofile",
    "pk": 1,
    "fields": {
      "user": 1,
      "user_telephone": "15625600059",
      "pet_name": "cookie",
      "pet_age": 3,
      "pet_id": 3,
      "pet_breed": "秋田",
      "pet_gender": "男",
      "pet_physical_date": "2022-07-05T03:08:48.681Z"
    }
  },
  {
    "model": "PetProfile.petprofile",
    "pk": 2,
    "fields": {
      "user": 18,
      "user_telephone": "15625600059",
      "pet_name": "熊大",
      "pet_age": 3,
      "pet_id": 10001,
      "pet_breed": "中华帝王犬",
      "pet_gender": "男",
      "pet_physical_date": "2022-07-03T07:09:55.643Z"
    }
  },
  {
    "model": "PetProfile.petprofile",
    "pk": 3,
    "fields": {
      "user": 19,
      "user_telephone": null,
      "pet_name": null,
      "pet_age": null,
      "pet_id": null,
      "pet_breed": null,
      "pet_gender": null,
      "pet_physical_date": "2022-07-04T10:07:10.126Z"
    }
  },
  {
    "model": "PetProfile.petprofile",
    "pk": 4,
    "fields": {
      "user": 20,
      "user_telephone": null,
      "pet_name": null,
      "pet_age": null,
      "pet_id": null,
      "pet_breed": null,
      "pet_gender": null,
      "pet_physical_date": "2022-07-04T12:49:26.761Z"
    }
  },
  {
    "model": "PetProfile.petprofile",
    "pk": 5,
    "fields": {
      "user": 21,
      "user_telephone": null,
      "pet_name": null,
      "pet_age": null,
      "pet_id": null,
      "pet_breed": null,
      "pet_gender": null,
      "pet_physical_date": "2022-07-05T04:33:08.039Z"
    }
  },
  {
    "model": "PetProfile.petprofile",
    "pk": 6,
    "fields": {
      "user": 23,
      "user_telephone": "333",
      "pet_name": "ssss",
      "pet_age": 3,
      "pet_id": 32,
      "pet_breed": "3",
      "pet_gender": "男",
      "pet_physical_date": "2022-07-05T04:47:05.500Z"
    }
  },
  {
    "model": "PetProfile.petprofile",
    "pk": 7,
    "fields": {
      "user": 24,
      "user_telephone": null,
      "pet_name": null,
      "pet_age": null,
      "pet_id": null,
      "pet_breed": null,
      "pet_gender": null,
      "pet_physical_date": "2022-07-05T04:47:41.099Z"
    }
  },
  {
    "model": "PetProfile.petprofile",
    "pk": 8,
    "fields": {
      "user": 25,
      "user_telephone": null,
      "pet_name": null,
      "pet_age": null,
      "pet_id": null,
      "pet_breed": null,
      "pet_gender": null,
      "pet_physical_date": "2022-07-05T04:49:36.631Z"
    }
  },
  {
    "model": "PetProfile.petprofile",
    "pk": 9,
    "fields": {
      "user": 26,
      "user_telephone": null,
      "pet_name": null,
      "pet_age": null,
      "pet_id": null,
      "pet_breed": null,
      "pet_gender": null,
      "pet_physical_date": "2022-07-05T04:51:59.382Z"
    }
  },
  {
    "model": "PetProfile.petprofile",
    "pk": 10,
    "fields": {
      "user": 27,
      "user_telephone": null,
      "pet_name": null,
      "pet_age": null,
      "pet_id": null,
      "pet_breed": null,
      "pet_gender": null,
      "pet_physical_date": "2022-07-05T05:23:16.007Z"
    }
  },
  {
    "model": "PetProfile.petprofile",
    "pk": 11,
    "fields": {
      "user": 31,
      "user_telephone": "15625600059",
      "pet_name": "熊大",
      "pet_age": 4,
      "pet_id": 7,
      "pet_breed": "中华帝王犬",
      "pet_gender": "男",
      "pet_physical_date": "2022-07-05T05:34:02.011Z"
    }
  },
  {
    "model": "PetProfile.petprofile",
    "pk": 12,
    "fields": {
      "user": 32,
      "user_telephone": "15625600059",
      "pet_name": "熊大",
      "pet_age": 8,
      "pet_id": 8,
      "pet_breed": "中华帝王犬",
      "pet_gender": "男",
      "pet_physical_date": "2022-07-05T07:30:05.855Z"
    }
  },
  {
    "model": "PetProfile.petprofile",
    "pk": 13,
    "fields": {
      "user": 13,
      "user_telephone": null,
      "pet_name": null,
      "pet_age": null,
      "pet_id": null,
      "pet_breed": null,
      "pet_gender": null,
      "pet_physical_date": "2022-07-05T15:02:14.342Z"
    }
  },
  {
    "model": "PetProfile.petmanager",
    "pk": 13,
    "fields": {
      "username": "123",
      "reply": "dd",
      "is_handle": "未处理",
      "created_date": "2022-07-05T15:00:28.384Z",
      "modified_date": "2022-07-05T15:02:14.345Z",
      "last_editor": "admin"
    }
  },
  {
    "model": "sites.site",
    "pk": 1,
    "fields": {
      "domain": "example.com",
      "name": "example.com"
    }
  },
  {
    "model": "account.emailaddress",
    "pk": 1,
    "fields": {
      "user": 1,
      "email": "buzhi985@qq.com",
      "verified": false,
      "primary": true
    }
  },
  {
    "model": "account.emailaddress",
    "pk": 2,
    "fields": {
      "user": 2,
      "email": "qq1@qq.com",
      "verified": false,
      "primary": true
    }
  },
  {
    "model": "account.emailaddress",
    "pk": 3,
    "fields": {
      "user": 3,
      "email": "aaa@qq.com",
      "verified": false,
      "primary": true
    }
  },
  {
    "model": "account.emailaddress",
    "pk": 4,
    "fields": {
      "user": 4,
      "email": "aaaa1@qq.com",
      "verified": false,
      "primary": true
    }
  },
  {
    "model": "account.emailaddress",
    "pk": 5,
    "fields": {
      "user": 5,
      "email": "80371024@qq.com",
      "verified": false,
      "primary": true
    }
  },
  {
    "model": "account.emailaddress",
    "pk": 6,
    "fields": {
      "user": 6,
      "email": "qqaa1@qq.com",
      "verified": false,
      "primary": true
    }
  },
  {
    "model": "account.emailaddress",
    "pk": 7,
    "fields": {
      "user": 7,
      "email": "akakaK@qq.com",
      "verified": false,
      "primary": true
    }
  },
  {
    "model": "account.emailaddress",
    "pk": 8,
    "fields": {
      "user": 9,
      "email": "aaaaaaaaaaa@qq.com",
      "verified": false,
      "primary": true
    }
  },
  {
    "model": "account.emailaddress",
    "pk": 9,
    "fields": {
      "user": 10,
      "email": "aaaadd@qq.com",
      "verified": false,
      "primary": true
    }
  },
  {
    "model": "account.emailaddress",
    "pk": 10,
    "fields": {
      "user": 11,
      "email": "aassdkdk@qq.com",
      "verified": false,
      "primary": true
    }
  },
  {
    "model": "account.emailaddress",
    "pk": 11,
    "fields": {
      "user": 12,
      "email": "uhl06394@yuoia.com",
      "verified": false,
      "primary": true
    }
  },
  {
    "model": "account.emailaddress",
    "pk": 12,
    "fields": {
      "user": 13,
      "email": "fcz35368@yuoia.com",
      "verified": false,
      "primary": true
    }
  },
  {
    "model": "account.emailaddress",
    "pk": 13,
    "fields": {
      "user": 14,
      "email": "aaadff@qq.com",
      "verified": false,
      "primary": true
    }
  },
  {
    "model": "account.emailaddress",
    "pk": 14,
    "fields": {
      "user": 15,
      "email": "qqas@qq.com",
      "verified": false,
      "primary": true
    }
  },
  {
    "model": "account.emailaddress",
    "pk": 15,
    "fields": {
      "user": 16,
      "email": "buzhi985@qq.comaa",
      "verified": false,
      "primary": true
    }
  },
  {
    "model": "account.emailaddress",
    "pk": 16,
    "fields": {
      "user": 18,
      "email": "msp17379@yuoia.com",
      "verified": false,
      "primary": true
    }
  },
  {
    "model": "account.emailaddress",
    "pk": 17,
    "fields": {
      "user": 19,
      "email": "80371024@qq.coma",
      "verified": false,
      "primary": true
    }
  },
  {
    "model": "account.emailaddress",
    "pk": 18,
    "fields": {
      "user": 20,
      "email": "buzhi985@qq.com11",
      "verified": false,
      "primary": true
    }
  },
  {
    "model": "account.emailaddress",
    "pk": 19,
    "fields": {
      "user": 21,
      "email": "b123@qq.com",
      "verified": false,
      "primary": true
    }
  },
  {
    "model": "account.emailaddress",
    "pk": 20,
    "fields": {
      "user": 23,
      "email": "buzhi98qqqqq@qq.com",
      "verified": false,
      "primary": true
    }
  },
  {
    "model": "account.emailaddress",
    "pk": 21,
    "fields": {
      "user": 24,
      "email": "aaad@qq.com",
      "verified": false,
      "primary": true
    }
  },
  {
    "model": "account.emailaddress",
    "pk": 22,
    "fields": {
      "user": 25,
      "email": "1@qq.com",
      "verified": false,
      "primary": true
    }
  },
  {
    "model": "account.emailaddress",
    "pk": 23,
    "fields": {
      "user": 26,
      "email": "2@qq.com",
      "verified": false,
      "primary": true
    }
  },
  {
    "model": "account.emailaddress",
    "pk": 24,
    "fields": {
      "user": 27,
      "email": "3@qq.com",
      "verified": false,
      "primary": true
    }
  },
  {
    "model": "account.emailaddress",
    "pk": 25,
    "fields": {
      "user": 31,
      "email": "7@qq.com",
      "verified": false,
      "primary": true
    }
  },
  {
    "model": "account.emailaddress",
    "pk": 26,
    "fields": {
      "user": 32,
      "email": "8@qq.com",
      "verified": false,
      "primary": true
    }
  }
]
